{
  "LogisticRegression": {
    "recall\u22650.65": 0.22559127908005552,
    "recall\u22650.70": 0.19885760382806822,
    "recall\u22650.80": 0.13177926783558078,
    "recall\u22650.85": 0.08312480313264732,
    "recall\u22650.90": 0.03641323748431946
  },
  "GradBoost": {
    "recall\u22650.65": 0.18438789294393998,
    "recall\u22650.70": 0.1752466604336034,
    "recall\u22650.80": 0.12332308682505619,
    "recall\u22650.85": 0.08454340622947333,
    "recall\u22650.90": 0.038962155037328826
  },
  "HistGradBoost": {
    "recall\u22650.65": 0.22232955541291635,
    "recall\u22650.70": 0.20098021594182897,
    "recall\u22650.80": 0.11999826437357268,
    "recall\u22650.85": 0.078050834946518,
    "recall\u22650.90": 0.04425484061770808
  },
  "RandomForest": {
    "recall\u22650.65": 0.2417490109499592,
    "recall\u22650.70": 0.21600041087501307,
    "recall\u22650.80": 0.17915958351971753,
    "recall\u22650.85": 0.13607167324554312,
    "recall\u22650.90": 0.08035805066868223
  },
  "XGBoost": {
    "recall\u22650.65": 0.22219328582286835,
    "recall\u22650.70": 0.20062914490699768,
    "recall\u22650.80": 0.12931405007839203,
    "recall\u22650.85": 0.07749050110578537,
    "recall\u22650.90": 0.045211732387542725
  },
  "CatBoost": {
    "recall\u22650.65": 0.22117681349807658,
    "recall\u22650.70": 0.18657753758088141,
    "recall\u22650.80": 0.1273002164608519,
    "recall\u22650.85": 0.0893364219420117,
    "recall\u22650.90": 0.04701770645776042
  },
  "KNN": {
    "recall\u22650.65": 0.33128785916397224,
    "recall\u22650.70": 0.30514484800709374,
    "recall\u22650.80": 0.23684273748460924,
    "recall\u22650.85": 0.20347344401127995,
    "recall\u22650.90": 0.15759770046951346
  },
  "NaiveBayes": {
    "recall\u22650.65": 0.9125688740013639,
    "recall\u22650.70": 0.5658258147963618,
    "recall\u22650.80": 0.0027964925714710426,
    "recall\u22650.85": 0.0002112040598605386,
    "recall\u22650.90": 4.221596272367787e-06
  }
}